www.test1.com,elastic,plate,sports complex
www.test2.com,smiling,grateful,sports complex
www.test3.com,ordinary,fruit,elastic,fluffy,unique,cold,wash,motionless
www.test4.com,soup,hang,punch,trains,mute,check,train,fabulous,wild
www.test5.com,bumpy,argument,detail,storing,motionless,fat,browny,meddle
www.test6.com,whole,zara,curtain,minor,unique,elastic,adjustment,cute,argument
www.test7.com,fluffy,black,immense
www.test8.com,encouraging,polish,plate,guarded,escape,browny,ugly,meddle
www.test9.com,wrestle,nest,rainy,trains
www.test10.com,parcel,mute,zara,fat,trashy,wash,storing,fat,nail
www.test11.com,argument,cold,sports complex
www.test12.com,escape,grateful,fat,rainy,escape,check,grateful
www.test13.com,incident,wrestle,black,sky,event
www.test14.com,meddle,money,thank you
www.test15.com,maker,bumpy,greet
www.test16.com,teeny,bathe,carry
www.test17.com,store,glory,encouraging,money,ugly,pizzas,teeny,bathe
www.test18.com,throne,incident,guarded
www.test19.com,forgive,zebra,escape,fresh air
www.test20.com,wash,fresh air,night,detail,trashy,part,rhyme,browny,train,fruit
www.test21.com,minor,polish,money,wrestle,train,eager,wrestle
www.test22.com,bathe,train
www.test23.com,dizzy,bumpy,argument
www.test24.com,sky,careless,hang,serious,wild,xerox,sand,nest,fat,trashy
www.test25.com,crush,elastic,inconclusive,dispensable,temper,cold,cute
www.test26.com,motionless,zebra,part,whole,bathe,shop
www.test27.com,punch,slim,temper,meddle,forgive,destroy,smiling,bird
www.test28.com,crush,punch,wash,careless,adjustment,rod,synonymous,maker,discover
www.test29.com,fabulous,maker,meddle
www.test30.com,minor,adjustment,maker,grateful,unique,polish,hour,teeny
